<?xml version="1.0" encoding="utf-8"?>
<ConnectionSettingBase xmlns:xsi="http://www.w3.org/2001/XMLSchema-instance" xmlns:xsd="http://www.w3.org/2001/XMLSchema" xsi:type="ConnectionSetting">
  <DownloadFilenameNormalization>NFC</DownloadFilenameNormalization>
  <UploadFilenameNormalization>None</UploadFilenameNormalization>
  <Proxy>Default</Proxy>
  <ProxyByPassLocal>false</ProxyByPassLocal>
  <ProxyUseDefaultCredential>false</ProxyUseDefaultCredential>
  <ReadWriteTimeout>10000</ReadWriteTimeout>
  <ConnectTimeout>10000</ConnectTimeout>
  <UseEncryption>false</UseEncryption>
  <AutoSplit>false</AutoSplit>
  <SplitSizeMB>50</SplitSizeMB>
  <EscapeString>^_</EscapeString>
  <Name>TeraCloud</Name>
  <TargetUri>https://futtsu.teracloud.jp/remote.php/webdav/</TargetUri>
  <UserName />
  <Password />
  <DontSave>false</DontSave>
  <ProxyUri />
  <ProxyUserName />
  <ProxyPassword />
  <ProxyByPassList />
  <EncryptionKey />
  <UseDefaultCredential>false</UseDefaultCredential>
  <UsePreAuthentication_Basic>false</UsePreAuthentication_Basic>
  <UsePreAuthentication_WSSE>false</UsePreAuthentication_WSSE>
  <SendClientCertificate>false</SendClientCertificate>
  <URIRequestEncoding>UTF-8</URIRequestEncoding>
  <URIResponseEncoding>UTF-8</URIResponseEncoding>
  <CredentialEncoding>UTF-8</CredentialEncoding>
  <DontRequestGzip>false</DontRequestGzip>
  <DontRequestDeflate>false</DontRequestDeflate>
  <RequestTranslatef>true</RequestTranslatef>
  <DontExpect100>false</DontExpect100>
  <SendEmptyPUT>false</SendEmptyPUT>
  <DontUpdateProperty>false</DontUpdateProperty>
  <UseFullUriInDestinationHeader>true</UseFullUriInDestinationHeader>
  <UploadCompression>None</UploadCompression>
  <DontVerifyContentRange>false</DontVerifyContentRange>
  <RedirectionCollectionOnly>false</RedirectionCollectionOnly>
  <AuthModules>Basic</AuthModules>
</ConnectionSettingBase>